/*
- Insert sample data of 100 records in the tables.
- These queries were LLM generated by providing the BigQuery DDLs.

*/

-- 1. S_SUPPLIER
INSERT INTO source.RW_SUPPLIER (SUPPLIER_ID, SUPPLIER_NAME, SUPPLIER_DESC, MARKET_CODE, COUNTRY_CODE, CREATE_TS, LAST_UPDT_TS) VALUES
('PRT-VNDR-001', 'Alpha Supplies', 'Supplier of electronic components', 'MK01', 'US', CURRENT_TIMESTAMP, CURRENT_TIMESTAMP),
('PRT-VNDR-002', 'Beta Traders', 'Industrial materials supplier', 'MK02', 'UK', CURRENT_TIMESTAMP, CURRENT_TIMESTAMP),
('PRT-VNDR-003', 'Gamma Co.', 'Office equipment and furniture', 'MK03', 'IN', CURRENT_TIMESTAMP, CURRENT_TIMESTAMP),
('PRT-VNDR-004', 'Delta Inc.', 'Packaging solutions provider', 'MK01', 'CA', CURRENT_TIMESTAMP, CURRENT_TIMESTAMP),
('PRT-VNDR-005', 'Epsilon Ltd.', 'Construction materials supplier', 'MK02', 'AU', CURRENT_TIMESTAMP, CURRENT_TIMESTAMP),
('PRT-VNDR-006', 'Zeta Enterprises', 'Automotive parts supplier', 'MK03', 'DE', CURRENT_TIMESTAMP, CURRENT_TIMESTAMP),
('PRT-VNDR-007', 'Eta Global', 'Medical equipment and devices', 'MK01', 'FR', CURRENT_TIMESTAMP, CURRENT_TIMESTAMP),
('PRT-VNDR-008', 'Theta Corp.', 'Consumer electronics', 'MK02', 'JP', CURRENT_TIMESTAMP, CURRENT_TIMESTAMP),
('PRT-VNDR-009', 'Iota Trading', 'Textile and fabric supplier', 'MK03', 'CN', CURRENT_TIMESTAMP, CURRENT_TIMESTAMP),
('PRT-VNDR-010', 'Kappa Solutions', 'Industrial machinery', 'MK01', 'BR', CURRENT_TIMESTAMP, CURRENT_TIMESTAMP),
('PRT-VNDR-011', 'Lambda Suppliers', 'Chemical products', 'MK02', 'US', CURRENT_TIMESTAMP, CURRENT_TIMESTAMP),
('PRT-VNDR-012', 'Mu Industries', 'Food packaging supplier', 'MK03', 'UK', CURRENT_TIMESTAMP, CURRENT_TIMESTAMP),
('PRT-VNDR-013', 'Nu Traders', 'Laboratory equipment', 'MK01', 'IN', CURRENT_TIMESTAMP, CURRENT_TIMESTAMP),
('PRT-VNDR-014', 'Xi Enterprises', 'Furniture and interior', 'MK02', 'CA', CURRENT_TIMESTAMP, CURRENT_TIMESTAMP),
('PRT-VNDR-015', 'Omicron Ltd.', 'Renewable energy products', 'MK03', 'AU', CURRENT_TIMESTAMP, CURRENT_TIMESTAMP),
('PRT-VNDR-016', 'Pi Global', 'Construction machinery', 'MK01', 'DE', CURRENT_TIMESTAMP, CURRENT_TIMESTAMP),
('PRT-VNDR-017', 'Rho Co.', 'Industrial adhesives', 'MK02', 'FR', CURRENT_TIMESTAMP, CURRENT_TIMESTAMP),
('PRT-VNDR-018', 'Sigma Inc.', 'Plastic and polymer products', 'MK03', 'JP', CURRENT_TIMESTAMP, CURRENT_TIMESTAMP),
('PRT-VNDR-019', 'Tau Corp.', 'Electronics components', 'MK01', 'CN', CURRENT_TIMESTAMP, CURRENT_TIMESTAMP),
('PRT-VNDR-020', 'Upsilon Trading', 'Metalworks supplier', 'MK02', 'BR', CURRENT_TIMESTAMP, CURRENT_TIMESTAMP),
('PRT-VNDR-021', 'Phi Enterprises', 'Laboratory chemicals', 'MK03', 'US', CURRENT_TIMESTAMP, CURRENT_TIMESTAMP),
('PRT-VNDR-022', 'Chi Ltd.', 'Industrial tools', 'MK01', 'UK', CURRENT_TIMESTAMP, CURRENT_TIMESTAMP),
('PRT-VNDR-023', 'Psi Solutions', 'Electrical equipment', 'MK02', 'IN', CURRENT_TIMESTAMP, CURRENT_TIMESTAMP),
('PRT-VNDR-024', 'Omega Corp.', 'Consumer goods', 'MK03', 'CA', CURRENT_TIMESTAMP, CURRENT_TIMESTAMP),
('PRT-VNDR-025', 'AlphaBeta Ltd.', 'Office supplies', 'MK01', 'AU', CURRENT_TIMESTAMP, CURRENT_TIMESTAMP),
('PRT-VNDR-026', 'GammaDelta Inc.', 'Automotive accessories', 'MK02', 'DE', CURRENT_TIMESTAMP, CURRENT_TIMESTAMP),
('PRT-VNDR-027', 'EpsilonZeta', 'Packaging materials', 'MK03', 'FR', CURRENT_TIMESTAMP, CURRENT_TIMESTAMP),
('PRT-VNDR-028', 'EtaTheta Co.', 'Medical devices', 'MK01', 'JP', CURRENT_TIMESTAMP, CURRENT_TIMESTAMP),
('PRT-VNDR-029', 'IotaKappa', 'Industrial fabrics', 'MK02', 'CN', CURRENT_TIMESTAMP, CURRENT_TIMESTAMP),
('PRT-VNDR-030', 'LambdaMu Ltd.', 'Furniture supplier', 'MK03', 'BR', CURRENT_TIMESTAMP, CURRENT_TIMESTAMP),
('PRT-VNDR-031', 'NuXi', 'Electronics distributor', 'MK01', 'US', CURRENT_TIMESTAMP, CURRENT_TIMESTAMP),
('PRT-VNDR-032', 'OmicronPi', 'Construction materials', 'MK02', 'UK', CURRENT_TIMESTAMP, CURRENT_TIMESTAMP),
('PRT-VNDR-033', 'RhoSigma', 'Industrial tools', 'MK03', 'IN', CURRENT_TIMESTAMP, CURRENT_TIMESTAMP),
('PRT-VNDR-034', 'TauUpsilon', 'Chemical products', 'MK01', 'CA', CURRENT_TIMESTAMP, CURRENT_TIMESTAMP),
('PRT-VNDR-035', 'PhiChi', 'Packaging solutions', 'MK02', 'AU', CURRENT_TIMESTAMP, CURRENT_TIMESTAMP),
('PRT-VNDR-036', 'PsiOmega', 'Medical equipment', 'MK03', 'DE', CURRENT_TIMESTAMP, CURRENT_TIMESTAMP),
('PRT-VNDR-037', 'AlphaGamma', 'Consumer electronics', 'MK01', 'FR', CURRENT_TIMESTAMP, CURRENT_TIMESTAMP),
('PRT-VNDR-038', 'BetaDelta', 'Textiles', 'MK02', 'JP', CURRENT_TIMESTAMP, CURRENT_TIMESTAMP),
('PRT-VNDR-039', 'EpsilonEta', 'Furniture', 'MK03', 'CN', CURRENT_TIMESTAMP, CURRENT_TIMESTAMP),
('PRT-VNDR-040', 'ZetaTheta', 'Industrial machinery', 'MK01', 'BR', CURRENT_TIMESTAMP, CURRENT_TIMESTAMP),
('PRT-VNDR-041', 'IotaLambda', 'Chemicals', 'MK02', 'US', CURRENT_TIMESTAMP, CURRENT_TIMESTAMP),
('PRT-VNDR-042', 'MuNu', 'Laboratory tools', 'MK03', 'UK', CURRENT_TIMESTAMP, CURRENT_TIMESTAMP),
('PRT-VNDR-043', 'XiOmicron', 'Office equipment', 'MK01', 'IN', CURRENT_TIMESTAMP, CURRENT_TIMESTAMP),
('PRT-VNDR-044', 'PiRho', 'Construction supplier', 'MK02', 'CA', CURRENT_TIMESTAMP, CURRENT_TIMESTAMP),
('PRT-VNDR-045', 'SigmaTau', 'Renewable energy', 'MK03', 'AU', CURRENT_TIMESTAMP, CURRENT_TIMESTAMP),
('PRT-VNDR-046', 'UpsilonPhi', 'Industrial adhesives', 'MK01', 'DE', CURRENT_TIMESTAMP, CURRENT_TIMESTAMP),
('PRT-VNDR-047', 'ChiPsi', 'Plastic products', 'MK02', 'FR', CURRENT_TIMESTAMP, CURRENT_TIMESTAMP),
('PRT-VNDR-048', 'OmegaAlpha', 'Electronics', 'MK03', 'JP', CURRENT_TIMESTAMP, CURRENT_TIMESTAMP),
('PRT-VNDR-049', 'BetaSigma', 'Metalworks', 'MK01', 'CN', CURRENT_TIMESTAMP, CURRENT_TIMESTAMP),
('PRT-VNDR-050', 'GammaTau', 'Chemicals distributor', 'MK02', 'BR', CURRENT_TIMESTAMP, CURRENT_TIMESTAMP),
('PRT-VNDR-051', 'DeltaUpsilon', 'Industrial tools', 'MK03', 'US', CURRENT_TIMESTAMP, CURRENT_TIMESTAMP),
('PRT-VNDR-052', 'EpsilonChi', 'Electrical equipment', 'MK01', 'UK', CURRENT_TIMESTAMP, CURRENT_TIMESTAMP),
('PRT-VNDR-053', 'ZetaOmega', 'Consumer goods', 'MK02', 'IN', CURRENT_TIMESTAMP, CURRENT_TIMESTAMP),
('PRT-VNDR-054', 'EtaAlpha', 'Office supplies', 'MK03', 'CA', CURRENT_TIMESTAMP, CURRENT_TIMESTAMP),
('PRT-VNDR-055', 'ThetaBeta', 'Automotive accessories', 'MK01', 'AU', CURRENT_TIMESTAMP, CURRENT_TIMESTAMP),
('PRT-VNDR-056', 'IotaGamma', 'Packaging supplier', 'MK02', 'DE', CURRENT_TIMESTAMP, CURRENT_TIMESTAMP),
('PRT-VNDR-057', 'KappaDelta', 'Medical devices', 'MK03', 'FR', CURRENT_TIMESTAMP, CURRENT_TIMESTAMP),
('PRT-VNDR-058', 'LambdaEpsilon', 'Industrial fabrics', 'MK01', 'JP', CURRENT_TIMESTAMP, CURRENT_TIMESTAMP),
('PRT-VNDR-059', 'MuZeta', 'Furniture', 'MK02', 'CN', CURRENT_TIMESTAMP, CURRENT_TIMESTAMP),
('PRT-VNDR-060', 'NuEta', 'Electronics distributor', 'MK03', 'BR', CURRENT_TIMESTAMP, CURRENT_TIMESTAMP),
('PRT-VNDR-061', 'XiTheta', 'Construction materials', 'MK01', 'US', CURRENT_TIMESTAMP, CURRENT_TIMESTAMP),
('PRT-VNDR-062', 'OmicronIota', 'Industrial tools', 'MK02', 'UK', CURRENT_TIMESTAMP, CURRENT_TIMESTAMP),
('PRT-VNDR-063', 'PiKappa', 'Chemical products', 'MK03', 'IN', CURRENT_TIMESTAMP, CURRENT_TIMESTAMP),
('PRT-VNDR-064', 'RhoLambda', 'Packaging solutions', 'MK01', 'CA', CURRENT_TIMESTAMP, CURRENT_TIMESTAMP),
('PRT-VNDR-065', 'SigmaMu', 'Medical equipment', 'MK02', 'AU', CURRENT_TIMESTAMP, CURRENT_TIMESTAMP),
('PRT-VNDR-066', 'TauNu', 'Consumer electronics', 'MK03', 'DE', CURRENT_TIMESTAMP, CURRENT_TIMESTAMP),
('PRT-VNDR-067', 'UpsilonXi', 'Textiles', 'MK01', 'FR', CURRENT_TIMESTAMP, CURRENT_TIMESTAMP),
('PRT-VNDR-068', 'PhiOmicron', 'Furniture supplier', 'MK02', 'JP', CURRENT_TIMESTAMP, CURRENT_TIMESTAMP),
('PRT-VNDR-069', 'ChiPi', 'Industrial machinery', 'MK03', 'CN', CURRENT_TIMESTAMP, CURRENT_TIMESTAMP),
('PRT-VNDR-070', 'PsiRho', 'Chemicals', 'MK01', 'BR', CURRENT_TIMESTAMP, CURRENT_TIMESTAMP),
('PRT-VNDR-071', 'OmegaSigma', 'Laboratory tools', 'MK02', 'US', CURRENT_TIMESTAMP, CURRENT_TIMESTAMP),
('PRT-VNDR-072', 'AlphaTau', 'Office equipment', 'MK03', 'UK', CURRENT_TIMESTAMP, CURRENT_TIMESTAMP),
('PRT-VNDR-073', 'BetaUpsilon', 'Construction supplier', 'MK01', 'IN', CURRENT_TIMESTAMP, CURRENT_TIMESTAMP),
('PRT-VNDR-074', 'GammaPhi', 'Renewable energy', 'MK02', 'CA', CURRENT_TIMESTAMP, CURRENT_TIMESTAMP),
('PRT-VNDR-075', 'DeltaChi', 'Industrial adhesives', 'MK03', 'AU', CURRENT_TIMESTAMP, CURRENT_TIMESTAMP),
('PRT-VNDR-076', 'EpsilonPsi', 'Plastic products', 'MK01', 'DE', CURRENT_TIMESTAMP, CURRENT_TIMESTAMP),
('PRT-VNDR-077', 'ZetaOmega2', 'Electronics', 'MK02', 'FR', CURRENT_TIMESTAMP, CURRENT_TIMESTAMP),
('PRT-VNDR-078', 'EtaAlpha2', 'Metalworks', 'MK03', 'JP', CURRENT_TIMESTAMP, CURRENT_TIMESTAMP),
('PRT-VNDR-079', 'ThetaBeta2', 'Chemicals distributor', 'MK01', 'CN', CURRENT_TIMESTAMP, CURRENT_TIMESTAMP),
('PRT-VNDR-080', 'IotaGamma2', 'Industrial tools', 'MK02', 'BR', CURRENT_TIMESTAMP, CURRENT_TIMESTAMP),
('PRT-VNDR-081', 'KappaDelta2', 'Electrical equipment', 'MK03', 'US', CURRENT_TIMESTAMP, CURRENT_TIMESTAMP),
('PRT-VNDR-082', 'LambdaEpsilon2', 'Consumer goods', 'MK01', 'UK', CURRENT_TIMESTAMP, CURRENT_TIMESTAMP),
('PRT-VNDR-083', 'MuZeta2', 'Office supplies', 'MK02', 'IN', CURRENT_TIMESTAMP, CURRENT_TIMESTAMP),
('PRT-VNDR-084', 'NuEta2', 'Automotive accessories', 'MK03', 'CA', CURRENT_TIMESTAMP, CURRENT_TIMESTAMP),
('PRT-VNDR-085', 'XiTheta2', 'Packaging supplier', 'MK01', 'AU', CURRENT_TIMESTAMP, CURRENT_TIMESTAMP),
('PRT-VNDR-086', 'OmicronIota2', 'Medical devices', 'MK02', 'DE', CURRENT_TIMESTAMP, CURRENT_TIMESTAMP),
('PRT-VNDR-087', 'PiKappa2', 'Industrial fabrics', 'MK03', 'FR', CURRENT_TIMESTAMP, CURRENT_TIMESTAMP),
('PRT-VNDR-088', 'RhoLambda2', 'Furniture', 'MK01', 'JP', CURRENT_TIMESTAMP, CURRENT_TIMESTAMP),
('PRT-VNDR-089', 'SigmaMu2', 'Electronics distributor', 'MK02', 'CN', CURRENT_TIMESTAMP, CURRENT_TIMESTAMP),
('PRT-VNDR-090', 'TauNu2', 'Construction materials', 'MK03', 'BR', CURRENT_TIMESTAMP, CURRENT_TIMESTAMP),
('PRT-VNDR-091', 'UpsilonXi2', 'Industrial tools', 'MK01', 'US', CURRENT_TIMESTAMP, CURRENT_TIMESTAMP),
('PRT-VNDR-092', 'PhiOmicron2', 'Chemical products', 'MK02', 'UK', CURRENT_TIMESTAMP, CURRENT_TIMESTAMP),
('PRT-VNDR-093', 'ChiPi2', 'Packaging solutions', 'MK03', 'IN', CURRENT_TIMESTAMP, CURRENT_TIMESTAMP),
('PRT-VNDR-094', 'PsiRho2', 'Medical equipment', 'MK01', 'CA', CURRENT_TIMESTAMP, CURRENT_TIMESTAMP),
('PRT-VNDR-095', 'OmegaSigma2', 'Consumer electronics', 'MK02', 'AU', CURRENT_TIMESTAMP, CURRENT_TIMESTAMP),
('PRT-VNDR-096', 'AlphaTau2', 'Textiles', 'MK03', 'DE', CURRENT_TIMESTAMP, CURRENT_TIMESTAMP),
('PRT-VNDR-097', 'BetaUpsilon2', 'Furniture supplier', 'MK01', 'FR', CURRENT_TIMESTAMP, CURRENT_TIMESTAMP),
('PRT-VNDR-098', 'GammaPhi2', 'Industrial machinery', 'MK02', 'JP', CURRENT_TIMESTAMP, CURRENT_TIMESTAMP),
('PRT-VNDR-099', 'DeltaChi2', 'Chemicals', 'MK03', 'CN', CURRENT_TIMESTAMP, CURRENT_TIMESTAMP),
('PRT-VNDR-100', 'EpsilonPsi2', 'Laboratory tools', 'MK01', 'BR', CURRENT_TIMESTAMP, CURRENT_TIMESTAMP);

-- 2. S_BUYER
INSERT INTO source.RW_BUYER (BUYER_ID, BUYER_NAME, BUYER_DESC, MARKET_CODE, COUNTRY_CODE, CREATE_TS, LAST_UPDT_TS) VALUES
('PRT-BUYER-001', 'Acme Corp.', 'Electronics procurement', 'MK01', 'US', CURRENT_TIMESTAMP, CURRENT_TIMESTAMP),
('PRT-BUYER-002', 'Global Traders', 'Industrial equipment buyer', 'MK02', 'UK', CURRENT_TIMESTAMP, CURRENT_TIMESTAMP),
('PRT-BUYER-003', 'Prime Solutions', 'Office supplies procurement', 'MK03', 'IN', CURRENT_TIMESTAMP, CURRENT_TIMESTAMP),
('PRT-BUYER-004', 'NextGen Buyers', 'Packaging materials buyer', 'MK01', 'CA', CURRENT_TIMESTAMP, CURRENT_TIMESTAMP),
('PRT-BUYER-005', 'Omega Enterprises', 'Construction materials buyer', 'MK02', 'AU', CURRENT_TIMESTAMP, CURRENT_TIMESTAMP),
('PRT-BUYER-006', 'Vertex Inc.', 'Automotive parts procurement', 'MK03', 'DE', CURRENT_TIMESTAMP, CURRENT_TIMESTAMP),
('PRT-BUYER-007', 'Alpha Global', 'Medical equipment procurement', 'MK01', 'FR', CURRENT_TIMESTAMP, CURRENT_TIMESTAMP),
('PRT-BUYER-008', 'Beta Traders', 'Consumer electronics buyer', 'MK02', 'JP', CURRENT_TIMESTAMP, CURRENT_TIMESTAMP),
('PRT-BUYER-009', 'Gamma Supplies', 'Textiles procurement', 'MK03', 'CN', CURRENT_TIMESTAMP, CURRENT_TIMESTAMP),
('PRT-BUYER-010', 'Delta Solutions', 'Industrial machinery buyer', 'MK01', 'BR', CURRENT_TIMESTAMP, CURRENT_TIMESTAMP),
('PRT-BUYER-011', 'Epsilon Buyers', 'Chemical products procurement', 'MK02', 'US', CURRENT_TIMESTAMP, CURRENT_TIMESTAMP),
('PRT-BUYER-012', 'Zeta Industries', 'Food packaging procurement', 'MK03', 'UK', CURRENT_TIMESTAMP, CURRENT_TIMESTAMP),
('PRT-BUYER-013', 'Eta Corp.', 'Laboratory equipment buyer', 'MK01', 'IN', CURRENT_TIMESTAMP, CURRENT_TIMESTAMP),
('PRT-BUYER-014', 'Theta Enterprises', 'Furniture and interior buyer', 'MK02', 'CA', CURRENT_TIMESTAMP, CURRENT_TIMESTAMP),
('PRT-BUYER-015', 'Iota Ltd.', 'Renewable energy products procurement', 'MK03', 'AU', CURRENT_TIMESTAMP, CURRENT_TIMESTAMP),
('PRT-BUYER-016', 'Kappa Global', 'Construction machinery buyer', 'MK01', 'DE', CURRENT_TIMESTAMP, CURRENT_TIMESTAMP),
('PRT-BUYER-017', 'Lambda Co.', 'Industrial adhesives procurement', 'MK02', 'FR', CURRENT_TIMESTAMP, CURRENT_TIMESTAMP),
('PRT-BUYER-018', 'Mu Inc.', 'Plastic and polymer products procurement', 'MK03', 'JP', CURRENT_TIMESTAMP, CURRENT_TIMESTAMP),
('PRT-BUYER-019', 'Nu Traders', 'Electronics components procurement', 'MK01', 'CN', CURRENT_TIMESTAMP, CURRENT_TIMESTAMP),
('PRT-BUYER-020', 'Xi Enterprises', 'Metalworks buyer', 'MK02', 'BR', CURRENT_TIMESTAMP, CURRENT_TIMESTAMP),
('PRT-BUYER-021', 'Omicron Buyers', 'Laboratory chemicals procurement', 'MK03', 'US', CURRENT_TIMESTAMP, CURRENT_TIMESTAMP),
('PRT-BUYER-022', 'Pi Ltd.', 'Industrial tools buyer', 'MK01', 'UK', CURRENT_TIMESTAMP, CURRENT_TIMESTAMP),
('PRT-BUYER-023', 'Rho Solutions', 'Electrical equipment procurement', 'MK02', 'IN', CURRENT_TIMESTAMP, CURRENT_TIMESTAMP),
('PRT-BUYER-024', 'Sigma Corp.', 'Consumer goods procurement', 'MK03', 'CA', CURRENT_TIMESTAMP, CURRENT_TIMESTAMP),
('PRT-BUYER-025', 'Tau Traders', 'Office supplies procurement', 'MK01', 'AU', CURRENT_TIMESTAMP, CURRENT_TIMESTAMP),
('PRT-BUYER-026', 'Upsilon Enterprises', 'Automotive accessories procurement', 'MK02', 'DE', CURRENT_TIMESTAMP, CURRENT_TIMESTAMP),
('PRT-BUYER-027', 'Phi Co.', 'Packaging materials buyer', 'MK03', 'FR', CURRENT_TIMESTAMP, CURRENT_TIMESTAMP),
('PRT-BUYER-028', 'Chi Inc.', 'Medical devices buyer', 'MK01', 'JP', CURRENT_TIMESTAMP, CURRENT_TIMESTAMP),
('PRT-BUYER-029', 'Psi Global', 'Industrial fabrics procurement', 'MK02', 'CN', CURRENT_TIMESTAMP, CURRENT_TIMESTAMP),
('PRT-BUYER-030', 'Omega Ltd.', 'Furniture buyer', 'MK03', 'BR', CURRENT_TIMESTAMP, CURRENT_TIMESTAMP),
('PRT-BUYER-031', 'AcmeTech', 'Electronics distributor', 'MK01', 'US', CURRENT_TIMESTAMP, CURRENT_TIMESTAMP),
('PRT-BUYER-032', 'Global Solutions', 'Construction materials buyer', 'MK02', 'UK', CURRENT_TIMESTAMP, CURRENT_TIMESTAMP),
('PRT-BUYER-033', 'Prime Traders', 'Industrial tools buyer', 'MK03', 'IN', CURRENT_TIMESTAMP, CURRENT_TIMESTAMP),
('PRT-BUYER-034', 'NextGen Corp.', 'Chemical products procurement', 'MK01', 'CA', CURRENT_TIMESTAMP, CURRENT_TIMESTAMP),
('PRT-BUYER-035', 'Omega Enterprises 2', 'Packaging solutions buyer', 'MK02', 'AU', CURRENT_TIMESTAMP, CURRENT_TIMESTAMP),
('PRT-BUYER-036', 'Vertex Global', 'Medical equipment procurement', 'MK03', 'DE', CURRENT_TIMESTAMP, CURRENT_TIMESTAMP),
('PRT-BUYER-037', 'Alpha Traders', 'Consumer electronics procurement', 'MK01', 'FR', CURRENT_TIMESTAMP, CURRENT_TIMESTAMP),
('PRT-BUYER-038', 'Beta Solutions', 'Textiles procurement', 'MK02', 'JP', CURRENT_TIMESTAMP, CURRENT_TIMESTAMP),
('PRT-BUYER-039', 'Gamma Ltd.', 'Furniture procurement', 'MK03', 'CN', CURRENT_TIMESTAMP, CURRENT_TIMESTAMP),
('PRT-BUYER-040', 'Delta Enterprises', 'Industrial machinery procurement', 'MK01', 'BR', CURRENT_TIMESTAMP, CURRENT_TIMESTAMP),
('PRT-BUYER-041', 'Epsilon Co.', 'Chemical products buyer', 'MK02', 'US', CURRENT_TIMESTAMP, CURRENT_TIMESTAMP),
('PRT-BUYER-042', 'Zeta Traders', 'Laboratory tools procurement', 'MK03', 'UK', CURRENT_TIMESTAMP, CURRENT_TIMESTAMP),
('PRT-BUYER-043', 'Eta Ltd.', 'Office equipment buyer', 'MK01', 'IN', CURRENT_TIMESTAMP, CURRENT_TIMESTAMP),
('PRT-BUYER-044', 'Theta Global', 'Construction supplier', 'MK02', 'CA', CURRENT_TIMESTAMP, CURRENT_TIMESTAMP),
('PRT-BUYER-045', 'Iota Enterprises', 'Renewable energy procurement', 'MK03', 'AU', CURRENT_TIMESTAMP, CURRENT_TIMESTAMP),
('PRT-BUYER-046', 'Kappa Corp.', 'Industrial adhesives buyer', 'MK01', 'DE', CURRENT_TIMESTAMP, CURRENT_TIMESTAMP),
('PRT-BUYER-047', 'Lambda Traders', 'Plastic products procurement', 'MK02', 'FR', CURRENT_TIMESTAMP, CURRENT_TIMESTAMP),
('PRT-BUYER-048', 'Mu Solutions', 'Electronics buyer', 'MK03', 'JP', CURRENT_TIMESTAMP, CURRENT_TIMESTAMP),
('PRT-BUYER-049', 'Nu Global', 'Metalworks procurement', 'MK01', 'CN', CURRENT_TIMESTAMP, CURRENT_TIMESTAMP),
('PRT-BUYER-050', 'Xi Ltd.', 'Chemicals buyer', 'MK02', 'BR', CURRENT_TIMESTAMP, CURRENT_TIMESTAMP),
('PRT-BUYER-051', 'Omicron Enterprises', 'Industrial tools procurement', 'MK03', 'US', CURRENT_TIMESTAMP, CURRENT_TIMESTAMP),
('PRT-BUYER-052', 'Pi Co.', 'Electrical equipment procurement', 'MK01', 'UK', CURRENT_TIMESTAMP, CURRENT_TIMESTAMP),
('PRT-BUYER-053', 'Rho Ltd.', 'Consumer goods procurement', 'MK02', 'IN', CURRENT_TIMESTAMP, CURRENT_TIMESTAMP),
('PRT-BUYER-054', 'Sigma Traders', 'Office supplies buyer', 'MK03', 'CA', CURRENT_TIMESTAMP, CURRENT_TIMESTAMP),
('PRT-BUYER-055', 'Tau Enterprises', 'Automotive accessories procurement', 'MK01', 'AU', CURRENT_TIMESTAMP, CURRENT_TIMESTAMP),
('PRT-BUYER-056', 'Upsilon Co.', 'Packaging materials procurement', 'MK02', 'DE', CURRENT_TIMESTAMP, CURRENT_TIMESTAMP),
('PRT-BUYER-057', 'Phi Ltd.', 'Medical devices buyer', 'MK03', 'FR', CURRENT_TIMESTAMP, CURRENT_TIMESTAMP),
('PRT-BUYER-058', 'Chi Enterprises', 'Industrial fabrics procurement', 'MK01', 'JP', CURRENT_TIMESTAMP, CURRENT_TIMESTAMP),
('PRT-BUYER-059', 'Psi Traders', 'Furniture procurement', 'MK02', 'CN', CURRENT_TIMESTAMP, CURRENT_TIMESTAMP),
('PRT-BUYER-060', 'Omega Co.', 'Electronics distributor', 'MK03', 'BR', CURRENT_TIMESTAMP, CURRENT_TIMESTAMP),
('PRT-BUYER-061', 'Acme Ltd.', 'Construction materials buyer', 'MK01', 'US', CURRENT_TIMESTAMP, CURRENT_TIMESTAMP),
('PRT-BUYER-062', 'Global Enterprises', 'Industrial tools procurement', 'MK02', 'UK', CURRENT_TIMESTAMP, CURRENT_TIMESTAMP),
('PRT-BUYER-063', 'Prime Co.', 'Chemical products procurement', 'MK03', 'IN', CURRENT_TIMESTAMP, CURRENT_TIMESTAMP),
('PRT-BUYER-064', 'NextGen Ltd.', 'Packaging solutions buyer', 'MK01', 'CA', CURRENT_TIMESTAMP, CURRENT_TIMESTAMP),
('PRT-BUYER-065', 'Omega Traders', 'Medical equipment buyer', 'MK02', 'AU', CURRENT_TIMESTAMP, CURRENT_TIMESTAMP),
('PRT-BUYER-066', 'Vertex Ltd.', 'Consumer electronics buyer', 'MK03', 'DE', CURRENT_TIMESTAMP, CURRENT_TIMESTAMP),
('PRT-BUYER-067', 'Alpha Enterprises', 'Textiles procurement', 'MK01', 'FR', CURRENT_TIMESTAMP, CURRENT_TIMESTAMP),
('PRT-BUYER-068', 'Beta Co.', 'Furniture procurement', 'MK02', 'JP', CURRENT_TIMESTAMP, CURRENT_TIMESTAMP),
('PRT-BUYER-069', 'Gamma Traders', 'Industrial machinery procurement', 'MK03', 'CN', CURRENT_TIMESTAMP, CURRENT_TIMESTAMP),
('PRT-BUYER-070', 'Delta Ltd.', 'Chemical products buyer', 'MK01', 'BR', CURRENT_TIMESTAMP, CURRENT_TIMESTAMP),
('PRT-BUYER-071', 'Epsilon Enterprises', 'Laboratory tools procurement', 'MK02', 'US', CURRENT_TIMESTAMP, CURRENT_TIMESTAMP),
('PRT-BUYER-072', 'Zeta Co.', 'Office equipment buyer', 'MK03', 'UK', CURRENT_TIMESTAMP, CURRENT_TIMESTAMP),
('PRT-BUYER-073', 'Eta Traders', 'Construction supplier', 'MK01', 'IN', CURRENT_TIMESTAMP, CURRENT_TIMESTAMP),
('PRT-BUYER-074', 'Theta Ltd.', 'Renewable energy procurement', 'MK02', 'CA', CURRENT_TIMESTAMP, CURRENT_TIMESTAMP),
('PRT-BUYER-075', 'Iota Enterprises 2', 'Industrial adhesives buyer', 'MK03', 'AU', CURRENT_TIMESTAMP, CURRENT_TIMESTAMP),
('PRT-BUYER-076', 'Kappa Co.', 'Plastic products procurement', 'MK01', 'DE', CURRENT_TIMESTAMP, CURRENT_TIMESTAMP),
('PRT-BUYER-077', 'Lambda Traders 2', 'Electronics buyer', 'MK02', 'FR', CURRENT_TIMESTAMP, CURRENT_TIMESTAMP),
('PRT-BUYER-078', 'Mu Ltd.', 'Metalworks procurement', 'MK03', 'JP', CURRENT_TIMESTAMP, CURRENT_TIMESTAMP),
('PRT-BUYER-079', 'Nu Enterprises', 'Chemicals buyer', 'MK01', 'CN', CURRENT_TIMESTAMP, CURRENT_TIMESTAMP),
('PRT-BUYER-080', 'Xi Traders', 'Industrial tools procurement', 'MK02', 'BR', CURRENT_TIMESTAMP, CURRENT_TIMESTAMP),
('PRT-BUYER-081', 'Omicron Ltd.', 'Electrical equipment buyer', 'MK03', 'US', CURRENT_TIMESTAMP, CURRENT_TIMESTAMP),
('PRT-BUYER-082', 'Pi Enterprises', 'Consumer goods procurement', 'MK01', 'UK', CURRENT_TIMESTAMP, CURRENT_TIMESTAMP),
('PRT-BUYER-083', 'Rho Co.', 'Office supplies procurement', 'MK02', 'IN', CURRENT_TIMESTAMP, CURRENT_TIMESTAMP),
('PRT-BUYER-084', 'Sigma Traders 2', 'Automotive accessories procurement', 'MK03', 'CA', CURRENT_TIMESTAMP, CURRENT_TIMESTAMP),
('PRT-BUYER-085', 'Tau Enterprises 2', 'Packaging supplier', 'MK01', 'AU', CURRENT_TIMESTAMP, CURRENT_TIMESTAMP),
('PRT-BUYER-086', 'Upsilon Co. 2', 'Medical devices buyer', 'MK02', 'DE', CURRENT_TIMESTAMP, CURRENT_TIMESTAMP),
('PRT-BUYER-087', 'Phi Ltd. 2', 'Industrial fabrics procurement', 'MK03', 'FR', CURRENT_TIMESTAMP, CURRENT_TIMESTAMP),
('PRT-BUYER-088', 'Chi Enterprises 2', 'Furniture procurement', 'MK01', 'JP', CURRENT_TIMESTAMP, CURRENT_TIMESTAMP),
('PRT-BUYER-089', 'Psi Traders 2', 'Electronics distributor', 'MK02', 'CN', CURRENT_TIMESTAMP, CURRENT_TIMESTAMP),
('PRT-BUYER-090', 'Omega Co. 2', 'Construction materials buyer', 'MK03', 'BR', CURRENT_TIMESTAMP, CURRENT_TIMESTAMP),
('PRT-BUYER-091', 'Acme Ltd. 2', 'Industrial tools procurement', 'MK01', 'US', CURRENT_TIMESTAMP, CURRENT_TIMESTAMP),
('PRT-BUYER-092', 'Global Enterprises 2', 'Chemical products procurement', 'MK02', 'UK', CURRENT_TIMESTAMP, CURRENT_TIMESTAMP),
('PRT-BUYER-093', 'Prime Co. 2', 'Packaging solutions buyer', 'MK03', 'IN', CURRENT_TIMESTAMP, CURRENT_TIMESTAMP),
('PRT-BUYER-094', 'NextGen Ltd. 2', 'Medical equipment buyer', 'MK01', 'CA', CURRENT_TIMESTAMP, CURRENT_TIMESTAMP),
('PRT-BUYER-095', 'Omega Traders 2', 'Consumer electronics buyer', 'MK02', 'AU', CURRENT_TIMESTAMP, CURRENT_TIMESTAMP),
('PRT-BUYER-096', 'Vertex Ltd. 2', 'Textiles procurement', 'MK03', 'DE', CURRENT_TIMESTAMP, CURRENT_TIMESTAMP),
('PRT-BUYER-097', 'Alpha Enterprises 2', 'Furniture procurement', 'MK01', 'FR', CURRENT_TIMESTAMP, CURRENT_TIMESTAMP),
('PRT-BUYER-098', 'Beta Co. 2', 'Industrial machinery procurement', 'MK02', 'JP', CURRENT_TIMESTAMP, CURRENT_TIMESTAMP),
('PRT-BUYER-099', 'Gamma Traders 2', 'Chemical products buyer', 'MK03', 'CN', CURRENT_TIMESTAMP, CURRENT_TIMESTAMP),
('PRT-BUYER-100', 'Delta Ltd. 2', 'Laboratory tools procurement', 'MK01', 'BR', CURRENT_TIMESTAMP, CURRENT_TIMESTAMP);

-- 3. S_PART
INSERT INTO source.RW_PART (PART_ID, PART_NAME, PART_DESC, SUPPLIER_ID, COUNTRY_CODE, CREATE_TS, LAST_UPDT_TS) VALUES
('PRTNO-S001', 'Resistor 10kΩ', 'Carbon film resistor, 10kΩ, 0.25W', 'PRT-VNDR-001', 'US', CURRENT_TIMESTAMP, CURRENT_TIMESTAMP),
('PRTNO-S002', 'Capacitor 100uF', 'Electrolytic capacitor, 100uF, 16V', 'PRT-VNDR-002', 'UK', CURRENT_TIMESTAMP, CURRENT_TIMESTAMP),
('PRTNO-S003', 'LED Red 5mm', 'High brightness red LED, 5mm', 'PRT-VNDR-003', 'IN', CURRENT_TIMESTAMP, CURRENT_TIMESTAMP),
('PRTNO-S004', 'Microcontroller ATmega328', '8-bit MCU, 32KB Flash', 'PRT-VNDR-004', 'CA', CURRENT_TIMESTAMP, CURRENT_TIMESTAMP),
('PRTNO-S005', 'Voltage Regulator 7805', '5V linear voltage regulator', 'PRT-VNDR-005', 'AU', CURRENT_TIMESTAMP, CURRENT_TIMESTAMP),
('PRTNO-S006', 'Relay 5V SPDT', 'Electromechanical relay, 5V coil', 'PRT-VNDR-006', 'DE', CURRENT_TIMESTAMP, CURRENT_TIMESTAMP),
('PRTNO-S007', 'Diode 1N4007', 'Rectifier diode, 1A, 1000V', 'PRT-VNDR-007', 'FR', CURRENT_TIMESTAMP, CURRENT_TIMESTAMP),
('PRTNO-S008', 'Transistor BC547', 'NPN transistor, 45V, 100mA', 'PRT-VNDR-008', 'JP', CURRENT_TIMESTAMP, CURRENT_TIMESTAMP),
('PRTNO-S009', 'Potentiometer 10kΩ', 'Rotary potentiometer, 10kΩ', 'PRT-VNDR-009', 'CN', CURRENT_TIMESTAMP, CURRENT_TIMESTAMP),
('PRTNO-S010', 'Crystal 16MHz', 'Quartz crystal oscillator, 16MHz', 'PRT-VNDR-010', 'BR', CURRENT_TIMESTAMP, CURRENT_TIMESTAMP),
('PRTNO-S011', 'Stepper Motor NEMA17', 'Bipolar stepper motor, 1.8° step', 'PRT-VNDR-011', 'US', CURRENT_TIMESTAMP, CURRENT_TIMESTAMP),
('PRTNO-S012', 'Servo Motor SG90', 'Micro servo, 180° rotation', 'PRT-VNDR-012', 'UK', CURRENT_TIMESTAMP, CURRENT_TIMESTAMP),
('PRTNO-S013', 'Breadboard 400 Tie Points', 'Solderless breadboard, 400 points', 'PRT-VNDR-013', 'IN', CURRENT_TIMESTAMP, CURRENT_TIMESTAMP),
('PRTNO-S014', 'Jumper Wires Kit', 'Male-to-male jumper wires, 120pcs', 'PRT-VNDR-014', 'CA', CURRENT_TIMESTAMP, CURRENT_TIMESTAMP),
('PRTNO-S015', 'OLED Display 0.96"', '128x64 monochrome OLED module', 'PRT-VNDR-015', 'AU', CURRENT_TIMESTAMP, CURRENT_TIMESTAMP),
('PRTNO-S016', 'LCD Display 16x2', 'Character LCD, 16x2, blue backlight', 'PRT-VNDR-016', 'DE', CURRENT_TIMESTAMP, CURRENT_TIMESTAMP),
('PRTNO-S017', 'Push Button Switch', 'Tactile push button, 12mm', 'PRT-VNDR-017', 'FR', CURRENT_TIMESTAMP, CURRENT_TIMESTAMP),
('PRTNO-S018', 'Potentiometer 1MΩ', 'Rotary potentiometer, 1MΩ', 'PRT-VNDR-018', 'JP', CURRENT_TIMESTAMP, CURRENT_TIMESTAMP),
('PRTNO-S019', 'Temperature Sensor LM35', 'Analog temperature sensor, -55°C to 150°C', 'PRT-VNDR-019', 'CN', CURRENT_TIMESTAMP, CURRENT_TIMESTAMP),
('PRTNO-S020', 'Humidity Sensor DHT22', 'Digital temperature and humidity sensor', 'PRT-VNDR-020', 'BR', CURRENT_TIMESTAMP, CURRENT_TIMESTAMP),
('PRTNO-S021', 'IR Receiver TSOP1738', 'Infrared receiver module, 38kHz', 'PRT-VNDR-021', 'US', CURRENT_TIMESTAMP, CURRENT_TIMESTAMP),
('PRTNO-S022', 'IR LED 940nm', 'Infrared LED, 940nm wavelength', 'PRT-VNDR-022', 'UK', CURRENT_TIMESTAMP, CURRENT_TIMESTAMP),
('PRTNO-S023', 'Ultrasonic Sensor HC-SR04', 'Distance measurement module, 2cm-400cm', 'PRT-VNDR-023', 'IN', CURRENT_TIMESTAMP, CURRENT_TIMESTAMP),
('PRTNO-S024', 'Buzzer Piezo', 'Active piezo buzzer, 5V', 'PRT-VNDR-024', 'CA', CURRENT_TIMESTAMP, CURRENT_TIMESTAMP),
('PRTNO-S025', 'Button Switch 6mm', 'Tactile switch, 6mm, push type', 'PRT-VNDR-025', 'AU', CURRENT_TIMESTAMP, CURRENT_TIMESTAMP),
('PRTNO-S026', 'Diode Zener 5.1V', 'Zener diode, 5.1V, 0.5W', 'PRT-VNDR-026', 'DE', CURRENT_TIMESTAMP, CURRENT_TIMESTAMP),
('PRTNO-S027', 'N-Channel MOSFET IRF540N', 'Power MOSFET, 33A, 100V', 'PRT-VNDR-027', 'FR', CURRENT_TIMESTAMP, CURRENT_TIMESTAMP),
('PRTNO-S028', 'P-Channel MOSFET IRF9540', 'Power MOSFET, 23A, 100V', 'PRT-VNDR-028', 'JP', CURRENT_TIMESTAMP, CURRENT_TIMESTAMP),
('PRTNO-S029', 'Micro USB Connector', '5-pin micro USB connector', 'PRT-VNDR-029', 'CN', CURRENT_TIMESTAMP, CURRENT_TIMESTAMP),
('PRTNO-S030', 'Battery Holder AA 2x', 'Plastic battery holder for 2 AA cells', 'PRT-VNDR-030', 'BR', CURRENT_TIMESTAMP, CURRENT_TIMESTAMP),
('PRTNO-S031', 'Resistor 1kΩ', 'Carbon film resistor, 1kΩ, 0.25W', 'PRT-VNDR-031', 'US', CURRENT_TIMESTAMP, CURRENT_TIMESTAMP),
('PRTNO-S032', 'Capacitor 10uF', 'Electrolytic capacitor, 10uF, 25V', 'PRT-VNDR-032', 'UK', CURRENT_TIMESTAMP, CURRENT_TIMESTAMP),
('PRTNO-S033', 'LED Green 5mm', 'High brightness green LED, 5mm', 'PRT-VNDR-033', 'IN', CURRENT_TIMESTAMP, CURRENT_TIMESTAMP),
('PRTNO-S034', 'Microcontroller PIC16F877A', '8-bit MCU, 14KB Flash', 'PRT-VNDR-034', 'CA', CURRENT_TIMESTAMP, CURRENT_TIMESTAMP),
('PRTNO-S035', 'Voltage Regulator LM317', 'Adjustable linear voltage regulator', 'PRT-VNDR-035', 'AU', CURRENT_TIMESTAMP, CURRENT_TIMESTAMP),
('PRTNO-S036', 'Relay 12V DPDT', 'Electromechanical relay, 12V coil', 'PRT-VNDR-036', 'DE', CURRENT_TIMESTAMP, CURRENT_TIMESTAMP),
('PRTNO-S037', 'Diode 1N4148', 'Switching diode, 300mA, 100V', 'PRT-VNDR-037', 'FR', CURRENT_TIMESTAMP, CURRENT_TIMESTAMP),
('PRTNO-S038', 'Transistor 2N2222', 'NPN transistor, 40V, 800mA', 'PRT-VNDR-038', 'JP', CURRENT_TIMESTAMP, CURRENT_TIMESTAMP),
('PRTNO-S039', 'Potentiometer 5kΩ', 'Rotary potentiometer, 5kΩ', 'PRT-VNDR-039', 'CN', CURRENT_TIMESTAMP, CURRENT_TIMESTAMP),
('PRTNO-S040', 'Crystal 8MHz', 'Quartz crystal oscillator, 8MHz', 'PRT-VNDR-040', 'BR', CURRENT_TIMESTAMP, CURRENT_TIMESTAMP),
('PRTNO-S041', 'Stepper Motor NEMA23', 'Bipolar stepper motor, 1.8° step', 'PRT-VNDR-041', 'US', CURRENT_TIMESTAMP, CURRENT_TIMESTAMP),
('PRTNO-S042', 'Servo Motor MG996R', 'High torque servo, 180° rotation', 'PRT-VNDR-042', 'UK', CURRENT_TIMESTAMP, CURRENT_TIMESTAMP),
('PRTNO-S043', 'Breadboard 830 Tie Points', 'Solderless breadboard, 830 points', 'PRT-VNDR-043', 'IN', CURRENT_TIMESTAMP, CURRENT_TIMESTAMP),
('PRTNO-S044', 'Jumper Wires Male-Female', 'Jumper wires, 120pcs', 'PRT-VNDR-044', 'CA', CURRENT_TIMESTAMP, CURRENT_TIMESTAMP),
('PRTNO-S045', 'OLED Display 1.3"', '128x64 monochrome OLED module', 'PRT-VNDR-045', 'AU', CURRENT_TIMESTAMP, CURRENT_TIMESTAMP),
('PRTNO-S046', 'LCD Display 20x4', 'Character LCD, 20x4, blue backlight', 'PRT-VNDR-046', 'DE', CURRENT_TIMESTAMP, CURRENT_TIMESTAMP),
('PRTNO-S047', 'Push Button Switch 12mm', 'Tactile push button, 12mm', 'PRT-VNDR-047', 'FR', CURRENT_TIMESTAMP, CURRENT_TIMESTAMP),
('PRTNO-S048', 'Potentiometer 100kΩ', 'Rotary potentiometer, 100kΩ', 'PRT-VNDR-048', 'JP', CURRENT_TIMESTAMP, CURRENT_TIMESTAMP),
('PRTNO-S049', 'Temperature Sensor DHT11', 'Digital temperature and humidity sensor', 'PRT-VNDR-049', 'CN', CURRENT_TIMESTAMP, CURRENT_TIMESTAMP),
('PRTNO-S050', 'Humidity Sensor AM2302', 'Digital temperature and humidity sensor', 'PRT-VNDR-050', 'BR', CURRENT_TIMESTAMP, CURRENT_TIMESTAMP);

-- 4. S_ORDER
INSERT INTO source.RW_ORDER (ORDER_ID, PART_ID, PART_NAME, PURCHASED_QTY, UNIT_COST_PRICE, SUPPLIER_ID, CREATE_S, LAST_UPDT_S) VALUES
('PUR-ORD-001', 'PRTNO-S001', 'Resistor 10kΩ', 200, 0.05, 'PRT-VNDR-001', CURRENT_TIMESTAMP, CURRENT_TIMESTAMP),
('PUR-ORD-002', 'PRTNO-S002', 'Capacitor 100uF', 150, 0.12, 'PRT-VNDR-002', CURRENT_TIMESTAMP, CURRENT_TIMESTAMP),
('PUR-ORD-003', 'PRTNO-S003', 'LED Red 5mm', 500, 0.08, 'PRT-VNDR-003', CURRENT_TIMESTAMP, CURRENT_TIMESTAMP),
('PUR-ORD-004', 'PRTNO-S004', 'Microcontroller ATmega328', 50, 2.50, 'PRT-VNDR-004', CURRENT_TIMESTAMP, CURRENT_TIMESTAMP),
('PUR-ORD-005', 'PRTNO-S005', 'Voltage Regulator 7805', 75, 0.75, 'PRT-VNDR-005', CURRENT_TIMESTAMP, CURRENT_TIMESTAMP),
('PUR-ORD-006', 'PRTNO-S006', 'Relay 5V SPDT', 120, 1.20, 'PRT-VNDR-006', CURRENT_TIMESTAMP, CURRENT_TIMESTAMP),
('PUR-ORD-007', 'PRTNO-S007', 'Diode 1N4007', 300, 0.10, 'PRT-VNDR-007', CURRENT_TIMESTAMP, CURRENT_TIMESTAMP),
('PUR-ORD-008', 'PRTNO-S008', 'Transistor BC547', 250, 0.15, 'PRT-VNDR-008', CURRENT_TIMESTAMP, CURRENT_TIMESTAMP),
('PUR-ORD-009', 'PRTNO-S009', 'Potentiometer 10kΩ', 180, 0.30, 'PRT-VNDR-009', CURRENT_TIMESTAMP, CURRENT_TIMESTAMP),
('PUR-ORD-010', 'PRTNO-S010', 'Crystal 16MHz', 100, 0.50, 'PRT-VNDR-010', CURRENT_TIMESTAMP, CURRENT_TIMESTAMP),
('PUR-ORD-011', 'PRTNO-S011', 'Stepper Motor NEMA17', 30, 12.00, 'PRT-VNDR-011', CURRENT_TIMESTAMP, CURRENT_TIMESTAMP),
('PUR-ORD-012', 'PRTNO-S012', 'Servo Motor SG90', 45, 3.50, 'PRT-VNDR-012', CURRENT_TIMESTAMP, CURRENT_TIMESTAMP),
('PUR-ORD-013', 'PRTNO-S013', 'Breadboard 400 Tie Points', 80, 2.00, 'PRT-VNDR-013', CURRENT_TIMESTAMP, CURRENT_TIMESTAMP),
('PUR-ORD-014', 'PRTNO-S014', 'Jumper Wires Kit', 200, 0.05, 'PRT-VNDR-014', CURRENT_TIMESTAMP, CURRENT_TIMESTAMP),
('PUR-ORD-015', 'PRTNO-S015', 'OLED Display 0.96"', 20, 7.50, 'PRT-VNDR-015', CURRENT_TIMESTAMP, CURRENT_TIMESTAMP),
('PUR-ORD-016', 'PRTNO-S016', 'LCD Display 16x2', 25, 5.00, 'PRT-VNDR-016', CURRENT_TIMESTAMP, CURRENT_TIMESTAMP),
('PUR-ORD-017', 'PRTNO-S017', 'Push Button Switch', 150, 0.20, 'PRT-VNDR-017', CURRENT_TIMESTAMP, CURRENT_TIMESTAMP),
('PUR-ORD-018', 'PRTNO-S018', 'Potentiometer 1MΩ', 100, 0.40, 'PRT-VNDR-018', CURRENT_TIMESTAMP, CURRENT_TIMESTAMP),
('PUR-ORD-019', 'PRTNO-S019', 'Temperature Sensor LM35', 60, 1.00, 'PRT-VNDR-019', CURRENT_TIMESTAMP, CURRENT_TIMESTAMP),
('PUR-ORD-020', 'PRTNO-S020', 'Humidity Sensor DHT22', 50, 2.50, 'PRT-VNDR-020', CURRENT_TIMESTAMP, CURRENT_TIMESTAMP),
('PUR-ORD-021', 'PRTNO-S021', 'IR Receiver TSOP1738', 120, 0.90, 'PRT-VNDR-021', CURRENT_TIMESTAMP, CURRENT_TIMESTAMP),
('PUR-ORD-022', 'PRTNO-S022', 'IR LED 940nm', 200, 0.10, 'PRT-VNDR-022', CURRENT_TIMESTAMP, CURRENT_TIMESTAMP),
('PUR-ORD-023', 'PRTNO-S023', 'Ultrasonic Sensor HC-SR04', 40, 3.00, 'PRT-VNDR-023', CURRENT_TIMESTAMP, CURRENT_TIMESTAMP),
('PUR-ORD-024', 'PRTNO-S024', 'Buzzer Piezo', 150, 0.50, 'PRT-VNDR-024', CURRENT_TIMESTAMP, CURRENT_TIMESTAMP),
('PUR-ORD-025', 'PRTNO-S025', 'Button Switch 6mm', 180, 0.15, 'PRT-VNDR-025', CURRENT_TIMESTAMP, CURRENT_TIMESTAMP),
('PUR-ORD-026', 'PRTNO-S026', 'Diode Zener 5.1V', 220, 0.12, 'PRT-VNDR-026', CURRENT_TIMESTAMP, CURRENT_TIMESTAMP),
('PUR-ORD-027', 'PRTNO-S027', 'N-Channel MOSFET IRF540N', 35, 4.00, 'PRT-VNDR-027', CURRENT_TIMESTAMP, CURRENT_TIMESTAMP),
('PUR-ORD-028', 'PRTNO-S028', 'P-Channel MOSFET IRF9540', 30, 3.50, 'PRT-VNDR-028', CURRENT_TIMESTAMP, CURRENT_TIMESTAMP),
('PUR-ORD-029', 'PRTNO-S029', 'Micro USB Connector', 150, 0.50, 'PRT-VNDR-029', CURRENT_TIMESTAMP, CURRENT_TIMESTAMP),
('PUR-ORD-030', 'PRTNO-S030', 'Battery Holder AA 2x', 80, 1.20, 'PRT-VNDR-030', CURRENT_TIMESTAMP, CURRENT_TIMESTAMP),
('PUR-ORD-031', 'PRTNO-S031', 'Resistor 1kΩ', 200, 0.05, 'PRT-VNDR-031', CURRENT_TIMESTAMP, CURRENT_TIMESTAMP),
('PUR-ORD-032', 'PRTNO-S032', 'Capacitor 10uF', 150, 0.10, 'PRT-VNDR-032', CURRENT_TIMESTAMP, CURRENT_TIMESTAMP),
('PUR-ORD-033', 'PRTNO-S033', 'LED Green 5mm', 300, 0.08, 'PRT-VNDR-033', CURRENT_TIMESTAMP, CURRENT_TIMESTAMP),
('PUR-ORD-034', 'PRTNO-S034', 'Microcontroller PIC16F877A', 45, 3.00, 'PRT-VNDR-034', CURRENT_TIMESTAMP, CURRENT_TIMESTAMP),
('PUR-ORD-035', 'PRTNO-S035', 'Voltage Regulator LM317', 70, 0.80, 'PRT-VNDR-035', CURRENT_TIMESTAMP, CURRENT_TIMESTAMP),
('PUR-ORD-036', 'PRTNO-S036', 'Relay 12V DPDT', 50, 1.50, 'PRT-VNDR-036', CURRENT_TIMESTAMP, CURRENT_TIMESTAMP),
('PUR-ORD-037', 'PRTNO-S037', 'Diode 1N4148', 250, 0.10, 'PRT-VNDR-037', CURRENT_TIMESTAMP, CURRENT_TIMESTAMP),
('PUR-ORD-038', 'PRTNO-S038', 'Transistor 2N2222', 200, 0.20, 'PRT-VNDR-038', CURRENT_TIMESTAMP, CURRENT_TIMESTAMP),
('PUR-ORD-039', 'PRTNO-S039', 'Potentiometer 5kΩ', 120, 0.25, 'PRT-VNDR-039', CURRENT_TIMESTAMP, CURRENT_TIMESTAMP),
('PUR-ORD-040', 'PRTNO-S040', 'Crystal 8MHz', 90, 0.40, 'PRT-VNDR-040', CURRENT_TIMESTAMP, CURRENT_TIMESTAMP),
('PUR-ORD-041', 'PRTNO-S041', 'Stepper Motor NEMA23', 15, 20.00, 'PRT-VNDR-041', CURRENT_TIMESTAMP, CURRENT_TIMESTAMP),
('PUR-ORD-042', 'PRTNO-S042', 'Servo Motor MG996R', 20, 8.00, 'PRT-VNDR-042', CURRENT_TIMESTAMP, CURRENT_TIMESTAMP),
('PUR-ORD-043', 'PRTNO-S043', 'Breadboard 830 Tie Points', 50, 3.00, 'PRT-VNDR-043', CURRENT_TIMESTAMP, CURRENT_TIMESTAMP),
('PUR-ORD-044', 'PRTNO-S044', 'Jumper Wires Male-Female', 150, 0.06, 'PRT-VNDR-044', CURRENT_TIMESTAMP, CURRENT_TIMESTAMP),
('PUR-ORD-045', 'PRTNO-S045', 'OLED Display 1.3"', 15, 9.00, 'PRT-VNDR-045', CURRENT_TIMESTAMP, CURRENT_TIMESTAMP),
('PUR-ORD-046', 'PRTNO-S046', 'LCD Display 20x4', 10, 12.00, 'PRT-VNDR-046', CURRENT_TIMESTAMP, CURRENT_TIMESTAMP),
('PUR-ORD-047', 'PRTNO-S047', 'Push Button Switch 12mm', 100, 0.25, 'PRT-VNDR-047', CURRENT_TIMESTAMP, CURRENT_TIMESTAMP),
('PUR-ORD-048', 'PRTNO-S048', 'Potentiometer 100kΩ', 60, 0.50, 'PRT-VNDR-048', CURRENT_TIMESTAMP, CURRENT_TIMESTAMP),
('PUR-ORD-049', 'PRTNO-S049', 'Temperature Sensor DHT11', 40, 1.50, 'PRT-VNDR-049', CURRENT_TIMESTAMP, CURRENT_TIMESTAMP),
('PUR-ORD-050', 'PRTNO-S050', 'Humidity Sensor AM2302', 35, 3.00, 'PRT-VNDR-050', CURRENT_TIMESTAMP, CURRENT_TIMESTAMP),
('PUR-ORD-051', 'PRTNO-S001', 'Resistor 10kΩ', 100, 0.05, 'PRT-VNDR-001', CURRENT_TIMESTAMP, CURRENT_TIMESTAMP),
('PUR-ORD-052', 'PRTNO-S002', 'Capacitor 100uF', 130, 0.12, 'PRT-VNDR-002', CURRENT_TIMESTAMP, CURRENT_TIMESTAMP),
('PUR-ORD-053', 'PRTNO-S003', 'LED Red 5mm', 200, 0.08, 'PRT-VNDR-003', CURRENT_TIMESTAMP, CURRENT_TIMESTAMP),
('PUR-ORD-054', 'PRTNO-S004', 'Microcontroller ATmega328', 25, 2.50, 'PRT-VNDR-004', CURRENT_TIMESTAMP, CURRENT_TIMESTAMP),
('PUR-ORD-055', 'PRTNO-S005', 'Voltage Regulator 7805', 50, 0.75, 'PRT-VNDR-005', CURRENT_TIMESTAMP, CURRENT_TIMESTAMP),
('PUR-ORD-056', 'PRTNO-S006', 'Relay 5V SPDT', 60, 1.20, 'PRT-VNDR-006', CURRENT_TIMESTAMP, CURRENT_TIMESTAMP),
('PUR-ORD-057', 'PRTNO-S007', 'Diode 1N4007', 180, 0.10, 'PRT-VNDR-007', CURRENT_TIMESTAMP, CURRENT_TIMESTAMP),
('PUR-ORD-058', 'PRTNO-S008', 'Transistor BC547', 150, 0.15, 'PRT-VNDR-008', CURRENT_TIMESTAMP, CURRENT_TIMESTAMP),
('PUR-ORD-059', 'PRTNO-S009', 'Potentiometer 10kΩ', 90, 0.30, 'PRT-VNDR-009', CURRENT_TIMESTAMP, CURRENT_TIMESTAMP),
('PUR-ORD-060', 'PRTNO-S010', 'Crystal 16MHz', 60, 0.50, 'PRT-VNDR-010', CURRENT_TIMESTAMP, CURRENT_TIMESTAMP),
('PUR-ORD-061', 'PRTNO-S011', 'Stepper Motor NEMA17', 20, 12.00, 'PRT-VNDR-011', CURRENT_TIMESTAMP, CURRENT_TIMESTAMP),
('PUR-ORD-062', 'PRTNO-S012', 'Servo Motor SG90', 30, 3.50, 'PRT-VNDR-012', CURRENT_TIMESTAMP, CURRENT_TIMESTAMP),
('PUR-ORD-063', 'PRTNO-S013', 'Breadboard 400 Tie Points', 40, 2.00, 'PRT-VNDR-013', CURRENT_TIMESTAMP, CURRENT_TIMESTAMP),
('PUR-ORD-064', 'PRTNO-S014', 'Jumper Wires Kit', 100, 0.05, 'PRT-VNDR-014', CURRENT_TIMESTAMP, CURRENT_TIMESTAMP),
('PUR-ORD-065', 'PRTNO-S015', 'OLED Display 0.96"', 10, 7.50, 'PRT-VNDR-015', CURRENT_TIMESTAMP, CURRENT_TIMESTAMP),
('PUR-ORD-066', 'PRTNO-S016', 'LCD Display 16x2', 15, 5.00, 'PRT-VNDR-016', CURRENT_TIMESTAMP, CURRENT_TIMESTAMP),
('PUR-ORD-067', 'PRTNO-S017', 'Push Button Switch', 80, 0.20, 'PRT-VNDR-017', CURRENT_TIMESTAMP, CURRENT_TIMESTAMP),
('PUR-ORD-068', 'PRTNO-S018', 'Potentiometer 1MΩ', 50, 0.40, 'PRT-VNDR-018', CURRENT_TIMESTAMP, CURRENT_TIMESTAMP),
('PUR-ORD-069', 'PRTNO-S019', 'Temperature Sensor LM35', 30, 1.00, 'PRT-VNDR-019', CURRENT_TIMESTAMP, CURRENT_TIMESTAMP),
('PUR-ORD-070', 'PRTNO-S020', 'Humidity Sensor DHT22', 20, 2.50, 'PRT-VNDR-020', CURRENT_TIMESTAMP, CURRENT_TIMESTAMP),
('PUR-ORD-071', 'PRTNO-S021', 'IR Receiver TSOP1738', 70, 0.90, 'PRT-VNDR-021', CURRENT_TIMESTAMP, CURRENT_TIMESTAMP),
('PUR-ORD-072', 'PRTNO-S022', 'IR LED 940nm', 120, 0.10, 'PRT-VNDR-022', CURRENT_TIMESTAMP, CURRENT_TIMESTAMP),
('PUR-ORD-073', 'PRTNO-S023', 'Ultrasonic Sensor HC-SR04', 25, 3.00, 'PRT-VNDR-023', CURRENT_TIMESTAMP, CURRENT_TIMESTAMP),
('PUR-ORD-074', 'PRTNO-S024', 'Buzzer Piezo', 80, 0.50, 'PRT-VNDR-024', CURRENT_TIMESTAMP, CURRENT_TIMESTAMP),
('PUR-ORD-075', 'PRTNO-S025', 'Button Switch 6mm', 100, 0.15, 'PRT-VNDR-025', CURRENT_TIMESTAMP, CURRENT_TIMESTAMP),
('PUR-ORD-076', 'PRTNO-S026', 'Diode Zener 5.1V', 150, 0.12, 'PRT-VNDR-026', CURRENT_TIMESTAMP, CURRENT_TIMESTAMP),
('PUR-ORD-077', 'PRTNO-S027', 'N-Channel MOSFET IRF540N', 20, 4.00, 'PRT-VNDR-027', CURRENT_TIMESTAMP, CURRENT_TIMESTAMP),
('PUR-ORD-078', 'PRTNO-S028', 'P-Channel MOSFET IRF9540', 15, 3.50, 'PRT-VNDR-028', CURRENT_TIMESTAMP, CURRENT_TIMESTAMP),
('PUR-ORD-079', 'PRTNO-S029', 'Micro USB Connector', 90, 0.50, 'PRT-VNDR-029', CURRENT_TIMESTAMP, CURRENT_TIMESTAMP),
('PUR-ORD-080', 'PRTNO-S030', 'Battery Holder AA 2x', 50, 1.20, 'PRT-VNDR-030', CURRENT_TIMESTAMP, CURRENT_TIMESTAMP),
('PUR-ORD-081', 'PRTNO-S031', 'Resistor 1kΩ', 120, 0.05, 'PRT-VNDR-031', CURRENT_TIMESTAMP, CURRENT_TIMESTAMP),
('PUR-ORD-082', 'PRTNO-S032', 'Capacitor 10uF', 100, 0.10, 'PRT-VNDR-032', CURRENT_TIMESTAMP, CURRENT_TIMESTAMP),
('PUR-ORD-083', 'PRTNO-S033', 'LED Green 5mm', 150, 0.08, 'PRT-VNDR-033', CURRENT_TIMESTAMP, CURRENT_TIMESTAMP),
('PUR-ORD-084', 'PRTNO-S034', 'Microcontroller PIC16F877A', 20, 3.00, 'PRT-VNDR-034', CURRENT_TIMESTAMP, CURRENT_TIMESTAMP),
('PUR-ORD-085', 'PRTNO-S035', 'Voltage Regulator LM317', 35, 0.80, 'PRT-VNDR-035', CURRENT_TIMESTAMP, CURRENT_TIMESTAMP),
('PUR-ORD-086', 'PRTNO-S036', 'Relay 12V DPDT', 25, 1.50, 'PRT-VNDR-036', CURRENT_TIMESTAMP, CURRENT_TIMESTAMP),
('PUR-ORD-087', 'PRTNO-S037', 'Diode 1N4148', 200, 0.10, 'PRT-VNDR-037', CURRENT_TIMESTAMP, CURRENT_TIMESTAMP),
('PUR-ORD-088', 'PRTNO-S038', 'Transistor 2N2222', 150, 0.20, 'PRT-VNDR-038', CURRENT_TIMESTAMP, CURRENT_TIMESTAMP),
('PUR-ORD-089', 'PRTNO-S039', 'Potentiometer 5kΩ', 80, 0.25, 'PRT-VNDR-039', CURRENT_TIMESTAMP, CURRENT_TIMESTAMP),
('PUR-ORD-090', 'PRTNO-S040', 'Crystal 8MHz', 60, 0.40, 'PRT-VNDR-040', CURRENT_TIMESTAMP, CURRENT_TIMESTAMP),
('PUR-ORD-091', 'PRTNO-S041', 'Stepper Motor NEMA23', 10, 20.00, 'PRT-VNDR-041', CURRENT_TIMESTAMP, CURRENT_TIMESTAMP),
('PUR-ORD-092', 'PRTNO-S042', 'Servo Motor MG996R', 15, 8.00, 'PRT-VNDR-042', CURRENT_TIMESTAMP, CURRENT_TIMESTAMP),
('PUR-ORD-093', 'PRTNO-S043', 'Breadboard 830 Tie Points', 25, 3.00, 'PRT-VNDR-043', CURRENT_TIMESTAMP, CURRENT_TIMESTAMP),
('PUR-ORD-094', 'PRTNO-S044', 'Jumper Wires Male-Female', 100, 0.06, 'PRT-VNDR-044', CURRENT_TIMESTAMP, CURRENT_TIMESTAMP),
('PUR-ORD-095', 'PRTNO-S045', 'OLED Display 1.3"', 8, 9.00, 'PRT-VNDR-045', CURRENT_TIMESTAMP, CURRENT_TIMESTAMP),
('PUR-ORD-096', 'PRTNO-S046', 'LCD Display 20x4', 5, 12.00, 'PRT-VNDR-046', CURRENT_TIMESTAMP, CURRENT_TIMESTAMP),
('PUR-ORD-097', 'PRTNO-S047', 'Push Button Switch 12mm', 50, 0.25, 'PRT-VNDR-047', CURRENT_TIMESTAMP, CURRENT_TIMESTAMP),
('PUR-ORD-098', 'PRTNO-S048', 'Potentiometer 100kΩ', 30, 0.50, 'PRT-VNDR-048', CURRENT_TIMESTAMP, CURRENT_TIMESTAMP),
('PUR-ORD-099', 'PRTNO-S049', 'Temperature Sensor DHT11', 20, 1.50, 'PRT-VNDR-049', CURRENT_TIMESTAMP, CURRENT_TIMESTAMP),
('PUR-ORD-100', 'PRTNO-S050', 'Humidity Sensor AM2302', 15, 3.00, 'PRT-VNDR-050', CURRENT_TIMESTAMP, CURRENT_TIMESTAMP);

-- 5. S_SALE
INSERT INTO source.RW_SALE (SALE_ID, PART_ID, PART_NAME, SOLD_QTY, UNIT_SELL_PRICE, BUYER_ID, CREATE_TS, LAST_UPDT_TS) VALUES
('SALE-INV-001', 'PRTNO-S001', 'Resistor 10kΩ', 150, 0.08, 'PRT-BUYER-001', CURRENT_TIMESTAMP, CURRENT_TIMESTAMP),
('SALE-INV-002', 'PRTNO-S002', 'Capacitor 100uF', 120, 0.20, 'PRT-BUYER-002', CURRENT_TIMESTAMP, CURRENT_TIMESTAMP),
('SALE-INV-003', 'PRTNO-S003', 'LED Red 5mm', 250, 0.12, 'PRT-BUYER-003', CURRENT_TIMESTAMP, CURRENT_TIMESTAMP),
('SALE-INV-004', 'PRTNO-S004', 'Microcontroller ATmega328', 30, 3.50, 'PRT-BUYER-004', CURRENT_TIMESTAMP, CURRENT_TIMESTAMP),
('SALE-INV-005', 'PRTNO-S005', 'Voltage Regulator 7805', 50, 1.50, 'PRT-BUYER-005', CURRENT_TIMESTAMP, CURRENT_TIMESTAMP),
('SALE-INV-006', 'PRTNO-S006', 'Relay 5V SPDT', 80, 2.00, 'PRT-BUYER-006', CURRENT_TIMESTAMP, CURRENT_TIMESTAMP),
('SALE-INV-007', 'PRTNO-S007', 'Diode 1N4007', 200, 0.15, 'PRT-BUYER-007', CURRENT_TIMESTAMP, CURRENT_TIMESTAMP),
('SALE-INV-008', 'PRTNO-S008', 'Transistor BC547', 180, 0.25, 'PRT-BUYER-008', CURRENT_TIMESTAMP, CURRENT_TIMESTAMP),
('SALE-INV-009', 'PRTNO-S009', 'Potentiometer 10kΩ', 100, 0.50, 'PRT-BUYER-009', CURRENT_TIMESTAMP, CURRENT_TIMESTAMP),
('SALE-INV-010', 'PRTNO-S010', 'Crystal 16MHz', 70, 0.75, 'PRT-BUYER-010', CURRENT_TIMESTAMP, CURRENT_TIMESTAMP),
('SALE-INV-011', 'PRTNO-S011', 'Stepper Motor NEMA17', 20, 18.00, 'PRT-BUYER-011', CURRENT_TIMESTAMP, CURRENT_TIMESTAMP),
('SALE-INV-012', 'PRTNO-S012', 'Servo Motor SG90', 35, 5.00, 'PRT-BUYER-012', CURRENT_TIMESTAMP, CURRENT_TIMESTAMP),
('SALE-INV-013', 'PRTNO-S013', 'Breadboard 400 Tie Points', 60, 3.00, 'PRT-BUYER-013', CURRENT_TIMESTAMP, CURRENT_TIMESTAMP),
('SALE-INV-014', 'PRTNO-S014', 'Jumper Wires Kit', 120, 0.10, 'PRT-BUYER-014', CURRENT_TIMESTAMP, CURRENT_TIMESTAMP),
('SALE-INV-015', 'PRTNO-S015', 'OLED Display 0.96"', 15, 12.00, 'PRT-BUYER-015', CURRENT_TIMESTAMP, CURRENT_TIMESTAMP),
('SALE-INV-016', 'PRTNO-S016', 'LCD Display 16x2', 20, 7.50, 'PRT-BUYER-016', CURRENT_TIMESTAMP, CURRENT_TIMESTAMP),
('SALE-INV-017', 'PRTNO-S017', 'Push Button Switch', 100, 0.35, 'PRT-BUYER-017', CURRENT_TIMESTAMP, CURRENT_TIMESTAMP),
('SALE-INV-018', 'PRTNO-S018', 'Potentiometer 1MΩ', 50, 0.80, 'PRT-BUYER-018', CURRENT_TIMESTAMP, CURRENT_TIMESTAMP),
('SALE-INV-019', 'PRTNO-S019', 'Temperature Sensor LM35', 30, 1.50, 'PRT-BUYER-019', CURRENT_TIMESTAMP, CURRENT_TIMESTAMP),
('SALE-INV-020', 'PRTNO-S020', 'Humidity Sensor DHT22', 25, 4.00, 'PRT-BUYER-020', CURRENT_TIMESTAMP, CURRENT_TIMESTAMP),
('SALE-INV-021', 'PRTNO-S021', 'IR Receiver TSOP1738', 90, 1.50, 'PRT-BUYER-021', CURRENT_TIMESTAMP, CURRENT_TIMESTAMP),
('SALE-INV-022', 'PRTNO-S022', 'IR LED 940nm', 150, 0.15, 'PRT-BUYER-022', CURRENT_TIMESTAMP, CURRENT_TIMESTAMP),
('SALE-INV-023', 'PRTNO-S023', 'Ultrasonic Sensor HC-SR04', 30, 4.50, 'PRT-BUYER-023', CURRENT_TIMESTAMP, CURRENT_TIMESTAMP),
('SALE-INV-024', 'PRTNO-S024', 'Buzzer Piezo', 100, 0.75, 'PRT-BUYER-024', CURRENT_TIMESTAMP, CURRENT_TIMESTAMP),
('SALE-INV-025', 'PRTNO-S025', 'Button Switch 6mm', 120, 0.30, 'PRT-BUYER-025', CURRENT_TIMESTAMP, CURRENT_TIMESTAMP),
('SALE-INV-026', 'PRTNO-S026', 'Diode Zener 5.1V', 180, 0.25, 'PRT-BUYER-026', CURRENT_TIMESTAMP, CURRENT_TIMESTAMP),
('SALE-INV-027', 'PRTNO-S027', 'N-Channel MOSFET IRF540N', 25, 6.00, 'PRT-BUYER-027', CURRENT_TIMESTAMP, CURRENT_TIMESTAMP),
('SALE-INV-028', 'PRTNO-S028', 'P-Channel MOSFET IRF9540', 20, 5.50, 'PRT-BUYER-028', CURRENT_TIMESTAMP, CURRENT_TIMESTAMP),
('SALE-INV-029', 'PRTNO-S029', 'Micro USB Connector', 90, 0.75, 'PRT-BUYER-029', CURRENT_TIMESTAMP, CURRENT_TIMESTAMP),
('SALE-INV-030', 'PRTNO-S030', 'Battery Holder AA 2x', 50, 2.00, 'PRT-BUYER-030', CURRENT_TIMESTAMP, CURRENT_TIMESTAMP),
('SALE-INV-031', 'PRTNO-S031', 'Resistor 1kΩ', 140, 0.08, 'PRT-BUYER-031', CURRENT_TIMESTAMP, CURRENT_TIMESTAMP),
('SALE-INV-032', 'PRTNO-S032', 'Capacitor 10uF', 110, 0.15, 'PRT-BUYER-032', CURRENT_TIMESTAMP, CURRENT_TIMESTAMP),
('SALE-INV-033', 'PRTNO-S033', 'LED Green 5mm', 200, 0.12, 'PRT-BUYER-033', CURRENT_TIMESTAMP, CURRENT_TIMESTAMP),
('SALE-INV-034', 'PRTNO-S034', 'Microcontroller PIC16F877A', 25, 4.50, 'PRT-BUYER-034', CURRENT_TIMESTAMP, CURRENT_TIMESTAMP),
('SALE-INV-035', 'PRTNO-S035', 'Voltage Regulator LM317', 40, 1.25, 'PRT-BUYER-035', CURRENT_TIMESTAMP, CURRENT_TIMESTAMP),
('SALE-INV-036', 'PRTNO-S036', 'Relay 12V DPDT', 30, 2.50, 'PRT-BUYER-036', CURRENT_TIMESTAMP, CURRENT_TIMESTAMP),
('SALE-INV-037', 'PRTNO-S037', 'Diode 1N4148', 170, 0.15, 'PRT-BUYER-037', CURRENT_TIMESTAMP, CURRENT_TIMESTAMP),
('SALE-INV-038', 'PRTNO-S038', 'Transistor 2N2222', 140, 0.35, 'PRT-BUYER-038', CURRENT_TIMESTAMP, CURRENT_TIMESTAMP),
('SALE-INV-039', 'PRTNO-S039', 'Potentiometer 5kΩ', 80, 0.40, 'PRT-BUYER-039', CURRENT_TIMESTAMP, CURRENT_TIMESTAMP),
('SALE-INV-040', 'PRTNO-S040', 'Crystal 8MHz', 60, 0.65, 'PRT-BUYER-040', CURRENT_TIMESTAMP, CURRENT_TIMESTAMP),
('SALE-INV-041', 'PRTNO-S041', 'Stepper Motor NEMA23', 10, 25.00, 'PRT-BUYER-041', CURRENT_TIMESTAMP, CURRENT_TIMESTAMP),
('SALE-INV-042', 'PRTNO-S042', 'Servo Motor MG996R', 15, 12.00, 'PRT-BUYER-042', CURRENT_TIMESTAMP, CURRENT_TIMESTAMP),
('SALE-INV-043', 'PRTNO-S043', 'Breadboard 830 Tie Points', 20, 4.50, 'PRT-BUYER-043', CURRENT_TIMESTAMP, CURRENT_TIMESTAMP),
('SALE-INV-044', 'PRTNO-S044', 'Jumper Wires Male-Female', 80, 0.12, 'PRT-BUYER-044', CURRENT_TIMESTAMP, CURRENT_TIMESTAMP),
('SALE-INV-045', 'PRTNO-S045', 'OLED Display 1.3"', 10, 14.00, 'PRT-BUYER-045', CURRENT_TIMESTAMP, CURRENT_TIMESTAMP),
('SALE-INV-046', 'PRTNO-S046', 'LCD Display 20x4', 5, 15.00, 'PRT-BUYER-046', CURRENT_TIMESTAMP, CURRENT_TIMESTAMP),
('SALE-INV-047', 'PRTNO-S047', 'Push Button Switch 12mm', 60, 0.40, 'PRT-BUYER-047', CURRENT_TIMESTAMP, CURRENT_TIMESTAMP),
('SALE-INV-048', 'PRTNO-S048', 'Potentiometer 100kΩ', 35, 0.80, 'PRT-BUYER-048', CURRENT_TIMESTAMP, CURRENT_TIMESTAMP),
('SALE-INV-049', 'PRTNO-S049', 'Temperature Sensor DHT11', 25, 2.50, 'PRT-BUYER-049', CURRENT_TIMESTAMP, CURRENT_TIMESTAMP),
('SALE-INV-050', 'PRTNO-S050', 'Humidity Sensor AM2302', 20, 5.50, 'PRT-BUYER-050', CURRENT_TIMESTAMP, CURRENT_TIMESTAMP),
('SALE-INV-051', 'PRTNO-S001', 'Resistor 10kΩ', 100, 0.10, 'PRT-BUYER-051', CURRENT_TIMESTAMP, CURRENT_TIMESTAMP),
('SALE-INV-052', 'PRTNO-S002', 'Capacitor 100uF', 90, 0.18, 'PRT-BUYER-052', CURRENT_TIMESTAMP, CURRENT_TIMESTAMP),
('SALE-INV-053', 'PRTNO-S003', 'LED Red 5mm', 200, 0.15, 'PRT-BUYER-053', CURRENT_TIMESTAMP, CURRENT_TIMESTAMP),
('SALE-INV-054', 'PRTNO-S004', 'Microcontroller ATmega328', 20, 3.80, 'PRT-BUYER-054', CURRENT_TIMESTAMP, CURRENT_TIMESTAMP),
('SALE-INV-055', 'PRTNO-S005', 'Voltage Regulator 7805', 35, 1.60, 'PRT-BUYER-055', CURRENT_TIMESTAMP, CURRENT_TIMESTAMP),
('SALE-INV-056', 'PRTNO-S006', 'Relay 5V SPDT', 40, 2.10, 'PRT-BUYER-056', CURRENT_TIMESTAMP, CURRENT_TIMESTAMP),
('SALE-INV-057', 'PRTNO-S007', 'Diode 1N4007', 150, 0.18, 'PRT-BUYER-057', CURRENT_TIMESTAMP, CURRENT_TIMESTAMP),
('SALE-INV-058', 'PRTNO-S008', 'Transistor BC547', 120, 0.30, 'PRT-BUYER-058', CURRENT_TIMESTAMP, CURRENT_TIMESTAMP),
('SALE-INV-059', 'PRTNO-S009', 'Potentiometer 10kΩ', 90, 0.55, 'PRT-BUYER-059', CURRENT_TIMESTAMP, CURRENT_TIMESTAMP),
('SALE-INV-060', 'PRTNO-S010', 'Crystal 16MHz', 50, 0.90, 'PRT-BUYER-060', CURRENT_TIMESTAMP, CURRENT_TIMESTAMP),
('SALE-INV-061', 'PRTNO-S011', 'Stepper Motor NEMA17', 15, 20.00, 'PRT-BUYER-061', CURRENT_TIMESTAMP, CURRENT_TIMESTAMP),
('SALE-INV-062', 'PRTNO-S012', 'Servo Motor SG90', 25, 5.50, 'PRT-BUYER-062', CURRENT_TIMESTAMP, CURRENT_TIMESTAMP),
('SALE-INV-063', 'PRTNO-S013', 'Breadboard 400 Tie Points', 35, 3.50, 'PRT-BUYER-063', CURRENT_TIMESTAMP, CURRENT_TIMESTAMP),
('SALE-INV-064', 'PRTNO-S014', 'Jumper Wires Kit', 100, 0.12, 'PRT-BUYER-064', CURRENT_TIMESTAMP, CURRENT_TIMESTAMP),
('SALE-INV-065', 'PRTNO-S015', 'OLED Display 0.96"', 10, 13.00, 'PRT-BUYER-065', CURRENT_TIMESTAMP, CURRENT_TIMESTAMP),
('SALE-INV-066', 'PRTNO-S016', 'LCD Display 16x2', 15, 8.00, 'PRT-BUYER-066', CURRENT_TIMESTAMP, CURRENT_TIMESTAMP),
('SALE-INV-067', 'PRTNO-S017', 'Push Button Switch', 70, 0.38, 'PRT-BUYER-067', CURRENT_TIMESTAMP, CURRENT_TIMESTAMP),
('SALE-INV-068', 'PRTNO-S018', 'Potentiometer 1MΩ', 40, 0.85, 'PRT-BUYER-068', CURRENT_TIMESTAMP, CURRENT_TIMESTAMP),
('SALE-INV-069', 'PRTNO-S019', 'Temperature Sensor LM35', 25, 1.80, 'PRT-BUYER-069', CURRENT_TIMESTAMP, CURRENT_TIMESTAMP),
('SALE-INV-070', 'PRTNO-S020', 'Humidity Sensor DHT22', 15, 4.50, 'PRT-BUYER-070', CURRENT_TIMESTAMP, CURRENT_TIMESTAMP),
('SALE-INV-071', 'PRTNO-S021', 'IR Receiver TSOP1738', 60, 1.80, 'PRT-BUYER-071', CURRENT_TIMESTAMP, CURRENT_TIMESTAMP),
('SALE-INV-072', 'PRTNO-S022', 'IR LED 940nm', 100, 0.18, 'PRT-BUYER-072', CURRENT_TIMESTAMP, CURRENT_TIMESTAMP),
('SALE-INV-073', 'PRTNO-S023', 'Ultrasonic Sensor HC-SR04', 20, 5.00, 'PRT-BUYER-073', CURRENT_TIMESTAMP, CURRENT_TIMESTAMP),
('SALE-INV-074', 'PRTNO-S024', 'Buzzer Piezo', 70, 0.80, 'PRT-BUYER-074', CURRENT_TIMESTAMP, CURRENT_TIMESTAMP),
('SALE-INV-075', 'PRTNO-S025', 'Button Switch 6mm', 90, 0.35, 'PRT-BUYER-075', CURRENT_TIMESTAMP, CURRENT_TIMESTAMP),
('SALE-INV-076', 'PRTNO-S026', 'Diode Zener 5.1V', 140, 0.30, 'PRT-BUYER-076', CURRENT_TIMESTAMP, CURRENT_TIMESTAMP),
('SALE-INV-077', 'PRTNO-S027', 'N-Channel MOSFET IRF540N', 15, 7.00, 'PRT-BUYER-077', CURRENT_TIMESTAMP, CURRENT_TIMESTAMP),
('SALE-INV-078', 'PRTNO-S028', 'P-Channel MOSFET IRF9540', 10, 6.50, 'PRT-BUYER-078', CURRENT_TIMESTAMP, CURRENT_TIMESTAMP),
('SALE-INV-079', 'PRTNO-S029', 'Micro USB Connector', 80, 0.90, 'PRT-BUYER-079', CURRENT_TIMESTAMP, CURRENT_TIMESTAMP),
('SALE-INV-080', 'PRTNO-S030', 'Battery Holder AA 2x', 40, 2.50, 'PRT-BUYER-080', CURRENT_TIMESTAMP, CURRENT_TIMESTAMP),
('SALE-INV-081', 'PRTNO-S031', 'Resistor 1kΩ', 100, 0.10, 'PRT-BUYER-081', CURRENT_TIMESTAMP, CURRENT_TIMESTAMP),
('SALE-INV-082', 'PRTNO-S032', 'Capacitor 10uF', 90, 0.18, 'PRT-BUYER-082', CURRENT_TIMESTAMP, CURRENT_TIMESTAMP),
('SALE-INV-083', 'PRTNO-S033', 'LED Green 5mm', 150, 0.15, 'PRT-BUYER-083', CURRENT_TIMESTAMP, CURRENT_TIMESTAMP),
('SALE-INV-084', 'PRTNO-S034', 'Microcontroller PIC16F877A', 20, 4.80, 'PRT-BUYER-084', CURRENT_TIMESTAMP, CURRENT_TIMESTAMP),
('SALE-INV-085', 'PRTNO-S035', 'Voltage Regulator LM317', 30, 1.30, 'PRT-BUYER-085', CURRENT_TIMESTAMP, CURRENT_TIMESTAMP),
('SALE-INV-086', 'PRTNO-S036', 'Relay 12V DPDT', 20, 2.60, 'PRT-BUYER-086', CURRENT_TIMESTAMP, CURRENT_TIMESTAMP),
('SALE-INV-087', 'PRTNO-S037', 'Diode 1N4148', 150, 0.18, 'PRT-BUYER-087', CURRENT_TIMESTAMP, CURRENT_TIMESTAMP),
('SALE-INV-088', 'PRTNO-S038', 'Transistor 2N2222', 120, 0.38, 'PRT-BUYER-088', CURRENT_TIMESTAMP, CURRENT_TIMESTAMP),
('SALE-INV-089', 'PRTNO-S039', 'Potentiometer 5kΩ', 70, 0.45, 'PRT-BUYER-089', CURRENT_TIMESTAMP, CURRENT_TIMESTAMP),
('SALE-INV-090', 'PRTNO-S040', 'Crystal 8MHz', 50, 0.70, 'PRT-BUYER-090', CURRENT_TIMESTAMP, CURRENT_TIMESTAMP),
('SALE-INV-091', 'PRTNO-S041', 'Stepper Motor NEMA23', 8, 28.00, 'PRT-BUYER-091', CURRENT_TIMESTAMP, CURRENT_TIMESTAMP),
('SALE-INV-092', 'PRTNO-S042', 'Servo Motor MG996R', 12, 13.50, 'PRT-BUYER-092', CURRENT_TIMESTAMP, CURRENT_TIMESTAMP),
('SALE-INV-093', 'PRTNO-S043', 'Breadboard 830 Tie Points', 20, 5.00, 'PRT-BUYER-093', CURRENT_TIMESTAMP, CURRENT_TIMESTAMP),
('SALE-INV-094', 'PRTNO-S044', 'Jumper Wires Male-Female', 70, 0.14, 'PRT-BUYER-094', CURRENT_TIMESTAMP, CURRENT_TIMESTAMP),
('SALE-INV-095', 'PRTNO-S045', 'OLED Display 1.3"', 8, 15.00, 'PRT-BUYER-095', CURRENT_TIMESTAMP, CURRENT_TIMESTAMP),
('SALE-INV-096', 'PRTNO-S046', 'LCD Display 20x4', 5, 16.00, 'PRT-BUYER-096', CURRENT_TIMESTAMP, CURRENT_TIMESTAMP),
('SALE-INV-097', 'PRTNO-S047', 'Push Button Switch 12mm', 50, 0.45, 'PRT-BUYER-097', CURRENT_TIMESTAMP, CURRENT_TIMESTAMP),
('SALE-INV-098', 'PRTNO-S048', 'Potentiometer 100kΩ', 25, 0.90, 'PRT-BUYER-098', CURRENT_TIMESTAMP, CURRENT_TIMESTAMP),
('SALE-INV-099', 'PRTNO-S049', 'Temperature Sensor DHT11', 20, 3.00, 'PRT-BUYER-099', CURRENT_TIMESTAMP, CURRENT_TIMESTAMP),
('SALE-INV-100', 'PRTNO-S050', 'Humidity Sensor AM2302', 15, 6.00, 'PRT-BUYER-100', CURRENT_TIMESTAMP, CURRENT_TIMESTAMP);

--6. S_COUNTRY
INSERT INTO source.RW_COUNTRY (COUNTRY_CODE, COUNTRY_NAME, CREATE_TS, LAST_UPDT_TS) VALUES
('US', 'United States', CURRENT_TIMESTAMP, CURRENT_TIMESTAMP),
('UK', 'United Kingdom', CURRENT_TIMESTAMP, CURRENT_TIMESTAMP),
('IN', 'India', CURRENT_TIMESTAMP, CURRENT_TIMESTAMP),
('CA', 'Canada', CURRENT_TIMESTAMP, CURRENT_TIMESTAMP),
('AU', 'Australia', CURRENT_TIMESTAMP, CURRENT_TIMESTAMP),
('DE', 'Germany', CURRENT_TIMESTAMP, CURRENT_TIMESTAMP),
('FR', 'France', CURRENT_TIMESTAMP, CURRENT_TIMESTAMP),
('JP', 'Japan', CURRENT_TIMESTAMP, CURRENT_TIMESTAMP),
('CN', 'China', CURRENT_TIMESTAMP, CURRENT_TIMESTAMP),
('BR', 'Brazil', CURRENT_TIMESTAMP, CURRENT_TIMESTAMP);

-- 7. S_MARKET
INSERT INTO source.RW_MARKET (MARKET_CODE, MARKET_NAME, CREATE_S, LAST_UPDT_S) VALUES
('MK01', 'North America', CURRENT_TIMESTAMP, CURRENT_TIMESTAMP),
('MK02', 'Europe', CURRENT_TIMESTAMP, CURRENT_TIMESTAMP),
('MK03', 'Asia', CURRENT_TIMESTAMP, CURRENT_TIMESTAMP),
('MK04', 'South America', CURRENT_TIMESTAMP, CURRENT_TIMESTAMP),
('MK05', 'Australia/Oceania', CURRENT_TIMESTAMP, CURRENT_TIMESTAMP);
